<?xml version="1.0" encoding="UTF-8"?><site pack200="true">	<description>To install these features, point Eclipse at this site.</description>

	<!-- VE 1.4.0 R200909301124 -->
	<category-def label="VE 1.4.0 R200909301124" name="VE 1.4.0 R200909301124">
		<description>VE 1.4.0 R200909301124: contains all features in this build.</description>
	</category-def>
	<feature id="org.eclipse.jem.sdk" version="1.4.0.v20090826-1446-377-84M2IaeLhpiUslQArckxjIhH" url="features/org.eclipse.jem.sdk_1.4.0.v20090826-1446-377-84M2IaeLhpiUslQArckxjIhH.jar" patch="false">
		<category name="VE 1.4.0 R200909301124"/>
	</feature>
	<feature id="org.eclipse.jem.source" version="1.4.0.v20090826-1446-7H-FPbAcggQleH8hJifHfUd" url="features/org.eclipse.jem.source_1.4.0.v20090826-1446-7H-FPbAcggQleH8hJifHfUd.jar" patch="false">
		<category name="VE 1.4.0 R200909301124"/>
	</feature>
	<feature id="org.eclipse.jem" version="1.4.0.v20090826-1446-7H-FPbAcggQleH8hJifHfUd" url="features/org.eclipse.jem_1.4.0.v20090826-1446-7H-FPbAcggQleH8hJifHfUd.jar" patch="false">
		<category name="VE 1.4.0 R200909301124"/>
	</feature>
	<feature id="org.eclipse.ve.all" version="1.4.0.v20090826-1446-377-7BHP1L2iJp9-UJR-hP0Cz085" url="features/org.eclipse.ve.all_1.4.0.v20090826-1446-377-7BHP1L2iJp9-UJR-hP0Cz085.jar" patch="false">
		<category name="VE 1.4.0 R200909301124"/>
	</feature>
	<feature id="org.eclipse.ve.sdk" version="1.4.0.v20090826-1446-57F-9xKEUXK5__GAVDlmFRiymDdO" url="features/org.eclipse.ve.sdk_1.4.0.v20090826-1446-57F-9xKEUXK5__GAVDlmFRiymDdO.jar" patch="false">
		<category name="VE 1.4.0 R200909301124"/>
	</feature>
	<feature id="org.eclipse.ve.source" version="1.4.0.v20090826-1446-777N-CcNBC0BwNk5HZZk" url="features/org.eclipse.ve.source_1.4.0.v20090826-1446-777N-CcNBC0BwNk5HZZk.jar" patch="false">
		<category name="VE 1.4.0 R200909301124"/>
	</feature>
	<feature id="org.eclipse.ve" version="1.4.0.v20090826-1446-777N-CcNBC0BwNk5HZZk" url="features/org.eclipse.ve_1.4.0.v20090826-1446-777N-CcNBC0BwNk5HZZk.jar" patch="false">
		<category name="VE 1.4.0 R200909301124"/>
	</feature>

</site>
